INSERT INTO ksiazka VALUES ('0000000000001', 'P³ywanie');
INSERT INTO ksiazka VALUES ('0000000000002', 'Jak schudn¹æ');
INSERT INTO ksiazka VALUES ('0000000000003', 'La Vida');
INSERT INTO ksiazka VALUES ('0000000000004', 'W³adca Pierœcieni');
INSERT INTO ksiazka VALUES ('0000000000005', 'Podzia³ polityczny Polski');
INSERT INTO ksiazka VALUES ('0000000000006', 'How to prevent schooting stars');
INSERT INTO ksiazka VALUES ('0000000000007', '¯elipap¹');
INSERT INTO ksiazka VALUES ('0000000000008', 'Vodka');
INSERT INTO ksiazka VALUES ('0000000000009', 'Zorba hipo');
INSERT INTO ksiazka VALUES ('0000000000010', 'Jak wyró¿niæ siê z t³umu');
INSERT INTO ksiazka VALUES ('0000000000011', 'Radam');
INSERT INTO ksiazka VALUES ('0000000000012', 'Chojnoœæ');
INSERT INTO ksiazka VALUES ('0000000000013', 'O kontroli oddechu');
INSERT INTO ksiazka VALUES ('0000000000014', 'Pepik');
INSERT INTO ksiazka VALUES ('0000000000015', 'Flowers');
INSERT INTO ksiazka VALUES ('0000000000016', 'Shema');
INSERT INTO ksiazka VALUES ('0000000000017', 'Tylu³');
INSERT INTO ksiazka VALUES ('0000000000018', 'Kamienie na szaniec');
INSERT INTO ksiazka VALUES ('0000000000019', 'Królestwo Gdyni');
INSERT INTO ksiazka VALUES ('0000000000020', 'O pannach roztropnych');


INSERT INTO autor VALUES ('Jan', 'Kosik', 'Polska', '1968');
INSERT INTO autor VALUES ('Andrzej', 'Sapkowski', 'Polska', '1845');
INSERT INTO autor VALUES ('Roland', 'Tolkien', 'Wielka Brytania', '1345');
INSERT INTO autor VALUES ('Jakub', 'Wojewoda', 'Polska', '2000');
INSERT INTO autor VALUES ('Allan', 'Week', 'USA', '1945');
INSERT INTO autor VALUES ('Pierr', 'Gepox', 'Francja', '1400');
INSERT INTO autor VALUES ('Ivan', 'Kovalsky', 'Rosja', '1845');
INSERT INTO autor VALUES ('Talor', 'Listos', 'Grecja', '1765');
INSERT INTO autor VALUES ('Janusz', 'Kowalski', 'Polska', '1987');
INSERT INTO autor VALUES ('Maria', 'Skuodowska-Currie', 'Polska', '1654');
INSERT INTO autor VALUES ('Teresa', 'Ma³odajna', 'Polska', '1662');
INSERT INTO autor VALUES ('Aleksander', 'Sapiec', 'Polska', '1987');
INSERT INTO autor VALUES ('Olaf', 'Czerny', 'Czechy', '1912');
INSERT INTO autor VALUES ('Mannuel', 'Garcia', 'Hiszpania', '1468');
INSERT INTO autor VALUES ('Orlando', 'Blum', 'USA', '1954');
INSERT INTO autor VALUES ('Joshua', 'Kubitz', 'Izrael', '1486');
INSERT INTO autor VALUES ('Jan', 'Matuszkiewicz', 'Polska', '1654');
INSERT INTO autor VALUES ('Kamila', 'Kamiñska', 'Polska', '1045');


INSERT INTO napisal VALUES ('0000000000001', 'Jan', 'Kosik');
INSERT INTO napisal VALUES ('0000000000002', 'Andrzej', 'Sapkowski');
INSERT INTO napisal VALUES ('0000000000003', 'Roland', 'Tolkien');
INSERT INTO napisal VALUES ('0000000000004', 'Jakub', 'Wojewoda');
INSERT INTO napisal VALUES ('0000000000005', 'Allan', 'Week');
INSERT INTO napisal VALUES ('0000000000006', 'Pierr', 'Gepox');
INSERT INTO napisal VALUES ('0000000000007', 'Ivan', 'Kovalsky');
INSERT INTO napisal VALUES ('0000000000008', 'Talor', 'Listos');
INSERT INTO napisal VALUES ('0000000000009', 'Janusz', 'Kowalski');
INSERT INTO napisal VALUES ('0000000000010', 'Maria', 'Skuodowska-Currie');
INSERT INTO napisal VALUES ('0000000000011', 'Teresa', 'Ma³odajna');
INSERT INTO napisal VALUES ('0000000000013', 'Aleksander', 'Sapiec');
INSERT INTO napisal VALUES ('0000000000012', 'Olaf', 'Czerny');
INSERT INTO napisal VALUES ('0000000000014', 'Mannuel', 'Garcia');
INSERT INTO napisal VALUES ('0000000000015', 'Orlando', 'Blum');
INSERT INTO napisal VALUES ('0000000000016', 'Joshua', 'Kubitz');
INSERT INTO napisal VALUES ('0000000000017', 'Jan', 'Matuszkiewicz');
INSERT INTO napisal VALUES ('0000000000018', 'Kamila', 'Kamiñska');
INSERT INTO napisal VALUES ('0000000000019', 'Ivan', 'Kovalsky');
INSERT INTO napisal VALUES ('0000000000020', 'Jakub', 'Wojewoda');


INSERT INTO gatunek VALUES ('dramat');
INSERT INTO gatunek VALUES ('powieœæ');
INSERT INTO gatunek VALUES ('komedia');
INSERT INTO gatunek VALUES ('sensacjia');
INSERT INTO gatunek VALUES ('fantasy');
INSERT INTO gatunek VALUES ('dobry');
INSERT INTO gatunek VALUES ('z³y');
INSERT INTO gatunek VALUES ('œredni');
INSERT INTO gatunek VALUES ('obyczaj');
INSERT INTO gatunek VALUES ('sci-fi');


INSERT INTO bycie_z VALUES ('0000000000001', 'dramat');
INSERT INTO bycie_z VALUES ('0000000000002', 'powieœæ');
INSERT INTO bycie_z VALUES ('0000000000003', 'komedia');
INSERT INTO bycie_z VALUES ('0000000000004', 'sensacjia');
INSERT INTO bycie_z VALUES ('0000000000005', 'fantasy');
INSERT INTO bycie_z VALUES ('0000000000006', 'dobry');
INSERT INTO bycie_z VALUES ('0000000000005', 'z³y');
INSERT INTO bycie_z VALUES ('0000000000007', 'z³y');
INSERT INTO bycie_z VALUES ('0000000000008', 'œredni');
INSERT INTO bycie_z VALUES ('0000000000008', 'obyczaj');
INSERT INTO bycie_z VALUES ('0000000000009', 'powieœæ');
INSERT INTO bycie_z VALUES ('0000000000010', 'sensacjia');
INSERT INTO bycie_z VALUES ('0000000000011', 'dobry');
INSERT INTO bycie_z VALUES ('0000000000012', 'obyczaj');
INSERT INTO bycie_z VALUES ('0000000000012', 'powieœæ');
INSERT INTO bycie_z VALUES ('0000000000013', 'komedia');
INSERT INTO bycie_z VALUES ('0000000000014', 'fantasy');
INSERT INTO bycie_z VALUES ('0000000000015', 'sci-fi');
INSERT INTO bycie_z VALUES ('0000000000016', 'dramat');
INSERT INTO bycie_z VALUES ('0000000000017', 'powieœæ');
INSERT INTO bycie_z VALUES ('0000000000018', 'komedia');
INSERT INTO bycie_z VALUES ('0000000000019', 'sensacjia');
INSERT INTO bycie_z VALUES ('0000000000020', 'dobry');
INSERT INTO bycie_z VALUES ('0000000000020', 'dramat');


INSERT INTO wydawnictwo VALUES ('Stara era', 'Konwaliowa 22, 84-656 Otwock', '1978');
INSERT INTO wydawnictwo VALUES ('Kompania', 'Lukrzana 34, 85-273 Korlice', '1945');
INSERT INTO wydawnictwo VALUES ('Kalingrad', 'Francuska 123, 98-123 Gdañsk', '1965');
INSERT INTO wydawnictwo VALUES ('Nowa Era', 'Kawiarniana 12, 23-468 Lublin', '1923');
INSERT INTO wydawnictwo VALUES ('Manuskrypt', 'Grunwaldzka 1, 81-123 Gdañsk', '1919');
INSERT INTO wydawnictwo VALUES ('Naukowe', 'Jakuska 9, 45-123 Jakuck', '1912');
INSERT INTO wydawnictwo VALUES ('Drukarna', 'Wylotowa 342, 97-436 Œliwowice', '1932');
INSERT INTO wydawnictwo VALUES ('Pod prosiakiem', 'Muzyczna 56, 12-345 Grajdo³ki', '1865');
INSERT INTO wydawnictwo VALUES ('Wydawnictwo', 'Nieznana 5, 98-234, Zapupie', '1878');
INSERT INTO wydawnictwo VALUES ('Nazwa', 'Takajaka 0, 01-001 Miastko', '1865');


INSERT INTO wydanie VALUES ('Stara era', '0000000000001', GETDATE() - 1, GETDATE() - 1);
INSERT INTO wydanie VALUES ('Kompania', '0000000000002', GETDATE() - 1, GETDATE() - 1);
INSERT INTO wydanie VALUES ('Kalingrad', '0000000000002', GETDATE() - 1, GETDATE() - 1);
INSERT INTO wydanie VALUES ('Nowa Era', '0000000000003', GETDATE() - 1, GETDATE() - 1);
INSERT INTO wydanie VALUES ('Manuskrypt', '0000000000003', GETDATE() - 1, GETDATE() - 1);
INSERT INTO wydanie VALUES ('Wydawnictwo', '0000000000004', GETDATE() - 1, GETDATE() - 1);
INSERT INTO wydanie VALUES ('Naukowe', '0000000000005', GETDATE() - 1, GETDATE() - 1);
INSERT INTO wydanie VALUES ('Drukarna', '0000000000006', GETDATE() - 1, GETDATE() - 1);
INSERT INTO wydanie VALUES ('Pod prosiakiem', '0000000000007', GETDATE() - 1, GETDATE() - 1);
INSERT INTO wydanie VALUES ('Drukarna', '0000000000008', GETDATE() - 1, GETDATE() - 1);
INSERT INTO wydanie VALUES ('Stara era', '0000000000009', GETDATE() - 1, GETDATE() - 1);
INSERT INTO wydanie VALUES ('Kompania', '0000000000010', GETDATE() - 1, GETDATE() - 1);
INSERT INTO wydanie VALUES ('Kalingrad', '0000000000011', GETDATE() - 1, GETDATE() - 1);
INSERT INTO wydanie VALUES ('Nowa Era', '0000000000012', GETDATE() - 1, GETDATE() - 1);
INSERT INTO wydanie VALUES ('Manuskrypt', '0000000000013', GETDATE() - 1, GETDATE() - 1);
INSERT INTO wydanie VALUES ('Pod prosiakiem', '0000000000014', GETDATE() - 1, GETDATE() - 1);
INSERT INTO wydanie VALUES ('Nazwa', '0000000000015', GETDATE() - 1, GETDATE() - 1);
INSERT INTO wydanie VALUES ('Naukowe', '0000000000016', GETDATE() - 1, GETDATE() - 1);
INSERT INTO wydanie VALUES ('Wydawnictwo', '0000000000017', GETDATE() - 1, GETDATE() - 1);
INSERT INTO wydanie VALUES ('Nowa Era', '0000000000018', GETDATE() - 1, GETDATE() - 1);
INSERT INTO wydanie VALUES ('Manuskrypt', '0000000000019', GETDATE() - 1, GETDATE() - 1);
INSERT INTO wydanie VALUES ('Pod prosiakiem', '0000000000020', GETDATE() - 1, GETDATE() - 1);
INSERT INTO wydanie VALUES ('Kalingrad', '0000000000020', GETDATE() - 1, GETDATE() - 1);
INSERT INTO wydanie VALUES ('Kompania', '0000000000014', GETDATE() - 1, GETDATE() - 1);
INSERT INTO wydanie VALUES ('Stara era', '0000000000014', GETDATE() - 1, GETDATE() - 1);


INSERT INTO osoba_prawna VALUES ('312645978', 'Jagoda Malinowska', 'Konopna 54, 98-213 Pêpowice');
DECLARE @currentOsobaId INT = SCOPE_IDENTITY();
INSERT INTO klient VALUES (@currentOsobaId, GETDATE(), 54, GETDATE());
INSERT INTO zamowienie VALUES (getdate());
DECLARE @currentZamowienieId INT = SCOPE_IDENTITY();
INSERT INTO zamowienie_od_klienta VALUES (@currentOsobaId, @currentZamowienieId, 'kurier DPD', 'przelew'); -- default 'przelew'
INSERT INTO zamowione_ksiazki VALUES (@currentZamowienieId, '0000000000001', 'Stara era', 1);
INSERT INTO zamowione_ksiazki VALUES (@currentZamowienieId, '0000000000002', 'Kalingrad', 2);
INSERT INTO zamowione_ksiazki VALUES (@currentZamowienieId, '0000000000005', 'Naukowe', 5);

INSERT INTO osoba_prawna VALUES ('987456123', 'Kacper Kuc', 'Klasztorna 78, 32-456');
SET @currentOsobaId = SCOPE_IDENTITY();
INSERT INTO klient VALUES (@currentOsobaId, GETDATE(), 68, GETDATE());
INSERT INTO zamowienie VALUES (getdate());
SET @currentZamowienieId = SCOPE_IDENTITY();
INSERT INTO zamowienie_od_klienta VALUES (@currentOsobaId, @currentZamowienieId, 'kurier DHL', 'BLIK');
INSERT INTO zamowione_ksiazki VALUES (@currentZamowienieId, '0000000000013', 'Manuskrypt', 3);
INSERT INTO zamowione_ksiazki VALUES (@currentZamowienieId, '0000000000012', 'Nowa Era', 1);

INSERT INTO osoba_prawna VALUES ('123456987', 'Gabriela Nocna', 'Krzywa 87, 72-126 Prosty dwór');
SET @currentOsobaId = SCOPE_IDENTITY();
INSERT INTO klient VALUES (@currentOsobaId, GETDATE(), 213, GETDATE());
INSERT INTO zamowienie VALUES (getdate());
SET @currentZamowienieId = SCOPE_IDENTITY();
INSERT INTO zamowienie_od_klienta VALUES (@currentOsobaId, @currentZamowienieId, 'Odbiór osobisty', 'gotowka_przy_odbiorze');
INSERT INTO zamowione_ksiazki VALUES (@currentZamowienieId, '0000000000014', 'Pod prosiakiem', 1);

INSERT INTO osoba_prawna VALUES ('987456123', 'Lucyna Mamita', 'Herbaciana 7, 67-269 Melisowo');
SET @currentOsobaId = SCOPE_IDENTITY();
INSERT INTO klient VALUES (@currentOsobaId, GETDATE(), 6847, GETDATE());
INSERT INTO zamowienie VALUES (getdate());
SET @currentZamowienieId = SCOPE_IDENTITY();
INSERT INTO zamowienie_od_klienta VALUES (@currentOsobaId, @currentZamowienieId, 'kurier DPD', 'przelew');
INSERT INTO zamowione_ksiazki VALUES (@currentZamowienieId, '0000000000004', 'Wydawnictwo', 2);

INSERT INTO osoba_prawna VALUES ('654987123', 'Olga Zamoyska', 'Korzenna 87, 23-234 Kolejowo');
SET @currentOsobaId = SCOPE_IDENTITY();
INSERT INTO klient VALUES (@currentOsobaId, GETDATE(), 24, GETDATE());
INSERT INTO zamowienie VALUES (getdate());
SET @currentZamowienieId = SCOPE_IDENTITY();
INSERT INTO zamowienie_od_klienta VALUES (@currentOsobaId, @currentZamowienieId, 'paczkomat', 'BLIK');
INSERT INTO zamowione_ksiazki VALUES (@currentZamowienieId, '0000000000003', 'Nowa Era', 1);

INSERT INTO osoba_prawna VALUES ('987456123', 'Paulina G³ucha', 'Kolejowa 879, 23-423 Poci¹gowo');
SET @currentOsobaId = SCOPE_IDENTITY();
INSERT INTO klient VALUES (@currentOsobaId, GETDATE(), 1, GETDATE());
INSERT INTO zamowienie VALUES (getdate());
SET @currentZamowienieId = SCOPE_IDENTITY();
INSERT INTO zamowienie_od_klienta VALUES (@currentOsobaId, @currentZamowienieId, 'kurier DHL', 'gotowka_przy_odbiorze');
INSERT INTO zamowione_ksiazki VALUES (@currentZamowienieId, '0000000000013', 'Manuskrypt', 1);

INSERT INTO osoba_prawna VALUES ('645987321', 'Ewelina Smaruj', 'Trudna 3, 23-567 £atwowo');
SET @currentOsobaId = SCOPE_IDENTITY();
INSERT INTO klient VALUES (@currentOsobaId, GETDATE(), 0, GETDATE());
INSERT INTO zamowienie VALUES (getdate());
SET @currentZamowienieId = SCOPE_IDENTITY();
INSERT INTO zamowienie_od_klienta VALUES (@currentOsobaId, @currentZamowienieId, 'paczkomat', 'przelew');
INSERT INTO zamowione_ksiazki VALUES (@currentZamowienieId, '0000000000015', 'Nazwa', 3);

INSERT INTO osoba_prawna VALUES ('978456233', 'Tadeusz Rogala', 'Kwiaciana 98, 12-423 Koleczkowo');
SET @currentOsobaId = SCOPE_IDENTITY();
INSERT INTO klient VALUES (@currentOsobaId, GETDATE(), 684, GETDATE());
INSERT INTO zamowienie VALUES (getdate());
SET @currentZamowienieId = SCOPE_IDENTITY();
INSERT INTO zamowienie_od_klienta VALUES (@currentOsobaId, @currentZamowienieId, 'kurier DPD', 'BLIK');
INSERT INTO zamowione_ksiazki VALUES (@currentZamowienieId, '0000000000017', 'Wydawnictwo', 2);

INSERT INTO osoba_prawna VALUES ('789654321', 'Monitor Cyfrowy', 'Kapsu³kowa 123, 98-543 Lekowo');
SET @currentOsobaId = SCOPE_IDENTITY();
INSERT INTO klient VALUES (@currentOsobaId, GETDATE(), 789, GETDATE());
INSERT INTO zamowienie VALUES (getdate());
SET @currentZamowienieId = SCOPE_IDENTITY();
INSERT INTO zamowienie_od_klienta VALUES (@currentOsobaId, @currentZamowienieId, 'kurier DHL', 'karta_przy_odbiorze');
INSERT INTO zamowione_ksiazki VALUES (@currentZamowienieId, '0000000000020', 'Pod prosiakiem', 1);

INSERT INTO osoba_prawna VALUES ('978645312', 'Ma³gorzata Studzienna', 'Iglasta 2, 23-657 Szpitalnowo');
SET @currentOsobaId = SCOPE_IDENTITY();
INSERT INTO klient VALUES (@currentOsobaId, GETDATE(), 45, GETDATE());
INSERT INTO zamowienie VALUES (getdate());
SET @currentZamowienieId = SCOPE_IDENTITY();
INSERT INTO zamowienie_od_klienta VALUES (@currentOsobaId, @currentZamowienieId, 'paczkomat', 'karta_przy_odbiorze');
INSERT INTO zamowione_ksiazki VALUES (@currentZamowienieId, '0000000000005', 'Naukowe', 4);

--zamowienia do hurtowni

INSERT INTO osoba_prawna VALUES ('123456789', 'Janusz Kowal', 'Lipowa 43, 89-123 Gdynia');
SET @currentOsobaId = SCOPE_IDENTITY();
INSERT INTO hurtownia values (@currentOsobaId, 'abc.pl', '07:00:00', '20:00:00', 1000, 'bok');
INSERT INTO zamowienie VALUES (getdate());
SET @currentZamowienieId = SCOPE_IDENTITY();
INSERT INTO zamowienie_do_hurtowni VALUES (@currentOsobaId, @currentZamowienieId);
INSERT INTO zamowione_ksiazki VALUES (@currentZamowienieId, '0000000000006', 'Drukarna', 12);
INSERT INTO zamowione_ksiazki VALUES (@currentZamowienieId, '0000000000008', 'Drukarna', 23);
INSERT INTO zamowione_ksiazki VALUES (@currentZamowienieId, '0000000000002', 'Kalingrad', 32);
INSERT INTO zamowione_ksiazki VALUES (@currentZamowienieId, '0000000000011', 'Kalingrad', 12);
INSERT INTO zamowione_ksiazki VALUES (@currentZamowienieId, '0000000000020', 'Kalingrad', 43);
INSERT INTO zamowione_ksiazki VALUES (@currentZamowienieId, '0000000000002', 'Kompania', 34);

INSERT INTO osoba_prawna VALUES ('123789456', 'Lilianna Cebulska', 'Kowalska 34, 23-234 Atlanta');
SET @currentOsobaId = SCOPE_IDENTITY();
INSERT INTO hurtownia values (@currentOsobaId, 'lok.com', '06:00:00', '21:00:00', 2000, 'gora');
INSERT INTO zamowienie VALUES (getdate());
SET @currentZamowienieId = SCOPE_IDENTITY();
INSERT INTO zamowienie_do_hurtowni VALUES (@currentOsobaId, @currentZamowienieId);
INSERT INTO zamowione_ksiazki VALUES (@currentZamowienieId, '0000000000010', 'Kompania', 56);
INSERT INTO zamowione_ksiazki VALUES (@currentZamowienieId, '0000000000014', 'Kompania', 56);
INSERT INTO zamowione_ksiazki VALUES (@currentZamowienieId, '0000000000003', 'Manuskrypt', 45);
INSERT INTO zamowione_ksiazki VALUES (@currentZamowienieId, '0000000000013', 'Manuskrypt', 23);

INSERT INTO osoba_prawna VALUES ('456789321', 'Witold Gombrowicz', 'Klawiaturna 123, 98-456 Gliwice');
SET @currentOsobaId = SCOPE_IDENTITY();
INSERT INTO hurtownia values (@currentOsobaId, 'asdffd.pl', '04:00:00', '22:00:00', 3000, 'tyl');
INSERT INTO zamowienie VALUES (getdate());
SET @currentZamowienieId = SCOPE_IDENTITY();
INSERT INTO zamowienie_do_hurtowni VALUES (@currentOsobaId, @currentZamowienieId);
INSERT INTO zamowione_ksiazki VALUES (@currentZamowienieId, '0000000000019', 'Manuskrypt', 54);
INSERT INTO zamowione_ksiazki VALUES (@currentZamowienieId, '0000000000005', 'Naukowe', 84);

INSERT INTO osoba_prawna VALUES ('465987123', 'Kacper Stulejarz', 'Aleja 234, 56-432 Poznañ');
SET @currentOsobaId = SCOPE_IDENTITY();
INSERT INTO hurtownia values (@currentOsobaId, 'ksiega.pl', '05:00:00', '22:00:00', 4000, 'bok');
INSERT INTO zamowienie VALUES (getdate());
SET @currentZamowienieId = SCOPE_IDENTITY();
INSERT INTO zamowienie_do_hurtowni VALUES (@currentOsobaId, @currentZamowienieId);
INSERT INTO zamowione_ksiazki VALUES (@currentZamowienieId, '0000000000016', 'Naukowe', 48);
INSERT INTO zamowione_ksiazki VALUES (@currentZamowienieId, '0000000000015', 'Nazwa', 65);
INSERT INTO zamowione_ksiazki VALUES (@currentZamowienieId, '0000000000003', 'Nowa Era', 10);

INSERT INTO osoba_prawna VALUES ('789456123', 'Ignacy Konwulski', 'Karciana 87, 87-213 Kowale');
SET @currentOsobaId = SCOPE_IDENTITY();
INSERT INTO hurtownia values (@currentOsobaId, 'strona.pl', '02:00:00', '22:00:00', 5000, 'gora');
INSERT INTO zamowienie VALUES (getdate());
SET @currentZamowienieId = SCOPE_IDENTITY();
INSERT INTO zamowienie_do_hurtowni VALUES (@currentOsobaId, @currentZamowienieId);
INSERT INTO zamowione_ksiazki VALUES (@currentZamowienieId, '0000000000012', 'Nowa Era', 54);
INSERT INTO zamowione_ksiazki VALUES (@currentZamowienieId, '0000000000018', 'Nowa Era', 45);
INSERT INTO zamowione_ksiazki VALUES (@currentZamowienieId, '0000000000007', 'Pod prosiakiem', 14);

INSERT INTO osoba_prawna VALUES ('321654987', 'Aniela Niebiañska', 'Wolska 78, 87-987 Wola');
SET @currentOsobaId = SCOPE_IDENTITY();
INSERT INTO hurtownia values (@currentOsobaId, 'hurtownia.pl', '04:00:00', '21:00:00', 6000, 'tyl');
INSERT INTO zamowienie VALUES (getdate());
SET @currentZamowienieId = SCOPE_IDENTITY();
INSERT INTO zamowienie_do_hurtowni VALUES (@currentOsobaId, @currentZamowienieId);
INSERT INTO zamowione_ksiazki VALUES (@currentZamowienieId, '0000000000014', 'Pod prosiakiem', 15);
INSERT INTO zamowione_ksiazki VALUES (@currentZamowienieId, '0000000000020', 'Pod prosiakiem', 23);

INSERT INTO osoba_prawna VALUES ('456789123', 'Helga Stara', 'Pierniczkowa 45, 87-123 Pierwoszyno');
SET @currentOsobaId = SCOPE_IDENTITY();
INSERT INTO hurtownia values (@currentOsobaId, 'taniaksiega.pl', '06:00:00', '20:00:00', 7000, 'gora');
INSERT INTO zamowienie VALUES (getdate());
SET @currentZamowienieId = SCOPE_IDENTITY();
INSERT INTO zamowienie_do_hurtowni VALUES (@currentOsobaId, @currentZamowienieId);
INSERT INTO zamowione_ksiazki VALUES (@currentZamowienieId, '0000000000001', 'Stara era', 45);

INSERT INTO osoba_prawna VALUES ('987654123', 'Agnieszka Osicka', 'Ciasteczkowa 789, 87-654 Czekoladowo');
SET @currentOsobaId = SCOPE_IDENTITY();
INSERT INTO hurtownia values (@currentOsobaId, 'handel.com', '04:00:00', '21:00:00', 8000, 'bok'); --default 'bok'
INSERT INTO zamowienie VALUES (getdate());
SET @currentZamowienieId = SCOPE_IDENTITY();
INSERT INTO zamowienie_do_hurtowni VALUES (@currentOsobaId, @currentZamowienieId);
INSERT INTO zamowione_ksiazki VALUES (@currentZamowienieId, '0000000000009', 'Stara era', 89);
INSERT INTO zamowione_ksiazki VALUES (@currentZamowienieId, '0000000000014', 'Stara era', 546);

INSERT INTO osoba_prawna VALUES ('654789321', 'Gawe³ Pucman', 'Korzenna 78-546 Kowalice');
SET @currentOsobaId = SCOPE_IDENTITY();
INSERT INTO hurtownia values (@currentOsobaId, 'jo.pl', '03:00:00', '22:00:00', 9000, 'gora');
INSERT INTO zamowienie VALUES (getdate());
SET @currentZamowienieId = SCOPE_IDENTITY();
INSERT INTO zamowienie_do_hurtowni VALUES (@currentOsobaId, @currentZamowienieId);
INSERT INTO zamowione_ksiazki VALUES (@currentZamowienieId, '0000000000004', 'Wydawnictwo', 48);

INSERT INTO osoba_prawna VALUES ('879546213', 'Zbigniew Za³uski', 'S³ona 7, 98-789 Piernikowo');
SET @currentOsobaId = SCOPE_IDENTITY();
INSERT INTO hurtownia values (@currentOsobaId, 'sprzedaz.com', '03:00:00', '23:00:00', 1100, 'tyl');
INSERT INTO zamowienie VALUES (getdate());
SET @currentZamowienieId = SCOPE_IDENTITY();
INSERT INTO zamowienie_do_hurtowni VALUES (@currentOsobaId, @currentZamowienieId);
INSERT INTO zamowione_ksiazki VALUES (@currentZamowienieId, '0000000000017', 'Wydawnictwo', 78);
INSERT INTO zamowione_ksiazki VALUES (@currentZamowienieId, '0000000000011', 'Kalingrad', 15);
INSERT INTO zamowione_ksiazki VALUES (@currentZamowienieId, '0000000000008', 'Drukarna', 65);

